date,product_id,sales,price,promo
2022-01-01,1,152,33.06065902057014,0
2022-01-02,1,229,20.96220882748824,1
2022-01-03,1,142,32.167120100631735,0
2022-01-04,1,64,36.05681553407457,0
2022-01-05,1,156,43.18967214828807,0
2022-01-06,1,121,18.256850870424127,0
2022-01-07,1,238,10.439833146339218,0
2022-01-08,1,70,15.475425202752291,0
2022-01-09,1,152,46.0007456739242,1
2022-01-10,1,171,44.95560310250061,0
2022-01-11,1,260,33.896524086812335,0
2022-01-12,1,264,34.020674417346136,0
2022-01-13,1,124,36.60146698185022,0
2022-01-14,1,252,17.014851144937985,0
2022-01-15,1,137,46.57647783699839,0
2022-01-16,1,166,26.750820995682925,0
2022-01-17,1,149,25.325541129979896,0
2022-01-18,1,153,30.7567082113135,1
2022-01-19,1,201,11.878638671002202,1
2022-01-20,1,180,16.651334750243176,1
2022-01-21,1,199,39.52134465705482,1
2022-01-22,1,102,13.311946717005059,0
2022-01-23,1,51,34.12608437865553,1
2022-01-24,1,137,19.813964387252838,0
2022-01-25,1,285,25.571824561679062,1
2022-01-26,1,207,21.547749470827995,1
2022-01-27,1,87,24.226908658597964,1
2022-01-28,1,179,38.76183620736982,1
2022-01-29,1,241,21.884868624927,0
2022-01-30,1,237,32.656185611875884,0
2022-01-31,1,70,29.042016087963987,0
2022-02-01,1,210,36.546846614505924,0
2022-02-02,1,253,47.47318957299032,0
2022-02-03,1,107,39.30288388841001,0
2022-02-04,1,71,18.59761514363027,1
2022-02-05,1,285,11.247325402451388,0
2022-02-06,1,138,20.490561771993004,1
2022-02-07,1,98,33.803117228010194,1
2022-02-08,1,268,12.057032539370013,1
2022-02-09,1,108,29.854649888049455,1
2022-02-10,1,219,33.87371395667557,0
2022-02-11,1,269,23.369755632678434,1
2022-02-12,1,237,40.836488149832874,1
2022-02-13,1,257,14.263930125350871,0
2022-02-14,1,64,13.00551126943235,0
2022-02-15,1,239,39.12755024814413,1
2022-02-16,1,239,29.81965264824794,0
2022-02-17,1,224,37.536095857109444,0
2022-02-18,1,239,27.39309354414985,0
2022-02-19,1,100,19.856081329564272,0
2022-02-20,1,157,42.764092706967986,0
2022-02-21,1,104,41.976635158759166,1
2022-02-22,1,293,37.78785883417707,0
2022-02-23,1,113,20.885805489198507,0
2022-02-24,1,298,33.609226674763484,0
2022-02-25,1,180,24.43895587760107,0
2022-02-26,1,278,13.663282933065366,1
2022-02-27,1,100,46.692543018489715,0
2022-02-28,1,184,15.472745236758456,0
2022-03-01,1,70,48.0094941528321,0
2022-03-02,1,122,27.84023091831823,0
2022-03-03,1,216,17.405317153544786,1
2022-03-04,1,67,31.676037895134325,1
2022-03-05,1,181,44.91783343505633,0
2022-03-06,1,138,39.28899545638245,0
2022-03-07,1,109,42.26244591445799,0
2022-03-08,1,63,36.35133466842869,0
2022-03-09,1,291,37.6910625807141,0
2022-03-10,1,299,43.96782606261277,0
2022-03-11,1,58,19.98672035436744,0
2022-03-12,1,139,29.57699854572562,0
2022-03-13,1,102,18.84837767278409,1
2022-03-14,1,179,49.50672031986588,1
2022-03-15,1,133,47.76237358746453,0
2022-03-16,1,141,11.577072454740236,1
2022-03-17,1,160,38.22300690062754,0
2022-03-18,1,237,47.009932696626635,0
2022-03-19,1,248,17.22301380509334,1
2022-03-20,1,221,32.717809222105174,1
2022-03-21,1,57,46.619531903521676,1
2022-03-22,1,224,11.357839143431953,0
2022-03-23,1,84,37.8968106898736,0
2022-03-24,1,255,21.89396029490203,1
2022-03-25,1,130,46.975847815061215,0
2022-03-26,1,213,48.842329806614714,0
2022-03-27,1,99,47.770659564537354,0
2022-03-28,1,153,28.96856866629855,0
2022-03-29,1,181,44.481706039572536,0
2022-03-30,1,51,43.78197594140281,0
2022-03-31,1,183,22.764018929730227,1
2022-04-01,1,103,43.1566189660271,0
2022-04-02,1,155,11.480305388619705,0
2022-04-03,1,53,33.85079513928212,0
2022-04-04,1,103,19.20035349150812,0
2022-04-05,1,270,14.822675431091152,0
2022-04-06,1,240,13.078128065168366,0
2022-04-07,1,195,37.85155103512559,1
2022-04-08,1,267,23.594998550722647,0
2022-04-09,1,93,38.99067086115046,1
2022-04-10,1,211,12.614253631957695,0
2022-04-11,1,251,22.611613513224412,0
2022-04-12,1,239,31.57965169501349,0
2022-04-13,1,277,41.628926593558546,0
2022-04-14,1,63,22.7501001172828,1
2022-04-15,1,144,35.03565505748036,0
2022-04-16,1,97,45.43910992944748,0
2022-04-17,1,64,34.63452752729218,1
2022-04-18,1,249,19.31837899014535,1
2022-04-19,1,255,10.976031262261522,1
2022-04-20,1,264,44.803954956037195,0
2022-04-21,1,298,10.850776434015486,1
2022-04-22,1,239,44.98806690736798,0
2022-04-23,1,89,31.15748536108848,0
2022-04-24,1,262,47.56270794051585,0
2022-04-25,1,257,41.951329430946615,0
2022-04-26,1,286,49.9173644213335,0
2022-04-27,1,131,24.028472618068406,0
2022-04-28,1,160,40.68753155724508,1
2022-04-29,1,102,26.077236544369686,0
2022-04-30,1,73,29.195024812156355,0
2022-05-01,1,203,35.1002185287348,0
2022-05-02,1,266,44.94708456745355,1
2022-05-03,1,237,49.363338767971804,0
2022-05-04,1,173,40.73093655458073,0
2022-05-05,1,286,26.71067128669335,1
2022-05-06,1,90,26.854280091082806,1
2022-05-07,1,206,39.50329206355566,0
2022-05-08,1,64,19.55108583073209,0
2022-05-09,1,94,14.418964525255786,1
2022-05-10,1,114,24.18488630563106,0
2022-05-11,1,138,21.48955966616327,0
2022-05-12,1,120,21.8523248182396,1
2022-05-13,1,58,19.344310041996398,0
2022-05-14,1,137,11.683727585454475,0
2022-05-15,1,178,10.714957389336552,0
2022-05-16,1,285,49.50889558944126,0
2022-05-17,1,185,27.110925349434496,0
2022-05-18,1,265,25.373065886387266,1
2022-05-19,1,112,37.1858913077228,0
2022-05-20,1,188,18.730155514602565,0
2022-05-21,1,292,47.99844735800902,0
2022-05-22,1,130,41.453800576622086,0
2022-05-23,1,185,13.57644009249038,1
2022-05-24,1,212,26.703231031397134,0
2022-05-25,1,212,45.164732302486584,0
2022-05-26,1,82,47.78928089165641,0
2022-05-27,1,172,28.69606044999479,0
2022-05-28,1,54,34.53645556842831,0
2022-05-29,1,283,16.68135784368301,1
2022-05-30,1,280,49.646745045479065,1
2022-05-31,1,299,19.266868055337735,0
2022-06-01,1,90,47.709270965405025,0
2022-06-02,1,77,35.985865959694735,1
2022-06-03,1,184,34.309471795154366,1
2022-06-04,1,250,30.507540440660343,0
2022-06-05,1,121,19.226792468710347,0
2022-06-06,1,61,17.06112128022033,0
2022-06-07,1,211,18.819448362807016,1
2022-06-08,1,82,17.45753048577018,1
2022-06-09,1,97,41.18337894267013,0
2022-06-10,1,296,24.005010366669204,0
2022-06-11,1,200,12.313707062535855,1
2022-06-12,1,111,48.764105205632454,1
2022-06-13,1,265,45.35143539853703,1
2022-06-14,1,86,47.11009132780852,1
2022-06-15,1,148,49.79631290585741,0
2022-06-16,1,221,16.95580996877949,0
2022-06-17,1,153,25.849680756106352,0
2022-06-18,1,263,40.32953902816365,0
2022-06-19,1,268,37.84082472215169,0
2022-06-20,1,84,16.155836253594202,1
2022-06-21,1,242,42.63332499962471,0
2022-06-22,1,276,18.977622873466427,1
2022-06-23,1,150,18.952704592904922,0
2022-06-24,1,224,31.478976915736542,1
2022-06-25,1,255,33.71759739366813,0
2022-06-26,1,180,33.203448313512446,0
2022-06-27,1,50,13.659473495910195,0
2022-06-28,1,54,45.09843450521522,0
2022-06-29,1,267,20.62400170354824,1
2022-06-30,1,296,15.180596851312167,1
2022-07-01,1,191,45.54992319475909,0
2022-07-02,1,152,48.226059929190136,0
2022-07-03,1,76,44.48510469061802,0
2022-07-04,1,186,42.38064298899512,0
2022-07-05,1,256,36.20967922556087,1
2022-07-06,1,64,32.034294824365574,1
2022-07-07,1,139,13.479470396456406,0
2022-07-08,1,91,26.338128522827947,1
2022-07-09,1,173,24.90754068049256,0
2022-07-10,1,254,20.39015135041305,1
2022-07-11,1,228,38.936804547543396,0
2022-07-12,1,112,29.835029403150834,1
2022-07-13,1,145,13.241848636305917,1
2022-07-14,1,280,18.80732807799245,0
2022-07-15,1,290,37.33035054638384,1
2022-07-16,1,101,13.045234379612008,0
2022-07-17,1,145,44.04827656195075,0
2022-07-18,1,181,29.805861080558973,0
2022-07-19,1,271,29.22346309306592,1
2022-07-20,1,278,33.6963113863807,1
2022-07-21,1,200,42.987238637005966,1
2022-07-22,1,280,23.912368316087722,1
2022-07-23,1,286,37.12064610236254,0
2022-07-24,1,192,32.62927855983165,1
2022-07-25,1,220,20.681130806776853,0
2022-07-26,1,78,45.14519945420632,0
2022-07-27,1,85,41.89704086427712,0
2022-07-28,1,62,36.338073386337015,1
2022-07-29,1,209,44.023269163769676,1
2022-07-30,1,120,44.6917680383921,0
2022-07-31,1,236,38.334519068601395,0
2022-08-01,1,292,43.48053313454688,1
2022-08-02,1,135,37.898858466771344,0
2022-08-03,1,77,37.205630870412016,1
2022-08-04,1,115,34.74445512860737,1
2022-08-05,1,219,40.10866558230565,0
2022-08-06,1,94,16.344204211722946,0
2022-08-07,1,111,45.23483036795714,1
2022-08-08,1,234,44.87374110980928,1
2022-08-09,1,294,11.169891321382366,0
2022-08-10,1,183,43.03267002259051,1
2022-08-11,1,77,15.154794698937808,0
2022-08-12,1,77,23.404754170365678,0
2022-08-13,1,157,39.74033025166431,1
2022-08-14,1,93,16.430395841932327,1
2022-08-15,1,133,42.718680964762484,0
2022-08-16,1,79,43.28536711830968,1
2022-08-17,1,239,30.298709350433448,0
2022-08-18,1,124,10.255434868673344,0
2022-08-19,1,177,21.48152532699651,0
2022-08-20,1,299,34.67707673502969,1
2022-08-21,1,296,49.24744712109694,0
2022-08-22,1,141,35.272541080666734,0
2022-08-23,1,266,20.39214324256639,0
2022-08-24,1,280,35.360228123984456,1
2022-08-25,1,239,31.599415188634218,0
2022-08-26,1,274,41.19381580604575,1
2022-08-27,1,178,14.279225553078337,0
2022-08-28,1,170,40.44111610008112,0
2022-08-29,1,76,31.650663147044412,0
2022-08-30,1,239,48.51968015435978,1
2022-08-31,1,170,23.674886641547445,1
2022-09-01,1,165,35.304875725357924,0
2022-09-02,1,254,47.2811242204007,0
2022-09-03,1,282,14.10038911962717,0
2022-09-04,1,52,47.48913948945805,0
2022-09-05,1,152,37.51542889203253,0
2022-09-06,1,247,12.713482364206875,0
2022-09-07,1,249,22.03854267787265,0
2022-09-08,1,204,38.32688354581126,0
2022-09-09,1,186,12.694024058750868,0
2022-09-10,1,111,33.28681840705093,1
2022-09-11,1,214,23.83532227811827,0
2022-09-12,1,274,34.83662071069908,0
2022-09-13,1,100,11.829681352500515,1
2022-09-14,1,283,44.86147224609505,0
2022-09-15,1,221,48.939558767095875,0
2022-09-16,1,201,48.75511421142766,0
2022-09-17,1,256,39.98607326971699,0
2022-09-18,1,108,15.203449605225279,0
2022-09-19,1,167,40.3305278371609,0
2022-09-20,1,209,10.98347665835206,1
2022-09-21,1,145,10.88494206115989,0
2022-09-22,1,265,22.94440876598165,0
2022-09-23,1,282,29.545727616186632,0
2022-09-24,1,229,40.816296712311726,0
2022-09-25,1,162,37.33181506426021,0
2022-09-26,1,111,27.836108255069934,1
2022-09-27,1,290,20.945066651266636,0
2022-09-28,1,235,49.884980006308446,0
2022-09-29,1,101,27.047252089438917,0
2022-09-30,1,61,28.05548097318702,0
2022-10-01,1,88,16.544952847666767,1
2022-10-02,1,179,41.79238194999718,0
2022-10-03,1,180,37.74728903125954,0
2022-10-04,1,162,18.830784511550416,0
2022-10-05,1,150,13.295241824633708,1
2022-10-06,1,162,37.21997208298852,0
2022-10-07,1,233,36.18044857124541,0
2022-10-08,1,130,20.930381079928374,1
2022-10-09,1,236,48.03454249001641,1
2022-10-10,1,162,16.04231567123601,0
2022-10-11,1,51,27.293392041704077,0
2022-10-12,1,179,47.74463680670395,0
2022-10-13,1,269,26.78909267704489,0
2022-10-14,1,103,35.54103790656342,0
2022-10-15,1,136,25.90377591851177,0
2022-10-16,1,278,20.968608093946802,0
2022-10-17,1,273,49.359105918393126,0
2022-10-18,1,274,26.37336025260172,0
2022-10-19,1,178,45.76396814716538,1
2022-10-20,1,196,19.198184235643446,0
2022-10-21,1,175,18.52418816100333,0
2022-10-22,1,179,11.245363315380455,0
2022-10-23,1,102,36.066673015035406,1
2022-10-24,1,221,24.741053748950446,0
2022-10-25,1,267,44.57432999358548,0
2022-10-26,1,209,28.928396267662286,0
2022-10-27,1,247,48.72773711658887,0
2022-10-28,1,209,17.421020628124847,0
2022-10-29,1,296,44.744926718224434,0
2022-10-30,1,117,41.06387411166967,0
2022-10-31,1,232,40.83687378576208,1
2022-11-01,1,252,43.79132912467551,0
2022-11-02,1,233,40.440959637719956,0
2022-11-03,1,172,35.048812865256615,1
2022-11-04,1,194,15.249795107295503,0
2022-11-05,1,87,11.301047179650077,0
2022-11-06,1,73,46.83391391262747,0
2022-11-07,1,118,34.66601258082952,0
2022-11-08,1,165,41.86149163904705,1
2022-11-09,1,147,29.260894060502004,1
2022-11-10,1,247,14.69232755849578,0
2022-11-11,1,263,15.007431688102017,0
2022-11-12,1,188,37.422611489158854,1
2022-11-13,1,289,27.212235795978508,1
2022-11-14,1,193,18.02098906801347,1
2022-11-15,1,146,29.663781869657477,0
2022-11-16,1,250,12.568357483005364,0
2022-11-17,1,173,33.27885607657595,1
2022-11-18,1,236,20.75973617740391,0
2022-11-19,1,119,41.90236402548753,0
2022-11-20,1,257,22.41447835694295,0
2022-11-21,1,142,28.20880596327205,0
2022-11-22,1,52,10.464821596324025,0
2022-11-23,1,197,12.897875511782356,0
2022-11-24,1,236,25.699742256267392,1
2022-11-25,1,213,29.19755338868494,0
2022-11-26,1,196,34.00082192477215,1
2022-11-27,1,139,21.66650314837213,0
2022-11-28,1,244,37.7992754450617,0
2022-11-29,1,196,44.40489588756818,1
2022-11-30,1,197,41.194039555733994,0
2022-12-01,1,145,11.584753013934286,0
2022-12-02,1,248,29.220277890313156,0
2022-12-03,1,101,14.197207136726995,0
2022-12-04,1,282,19.681800634501098,1
2022-12-05,1,210,49.46650373068586,1
2022-12-06,1,217,15.69982171606053,0
2022-12-07,1,177,29.955526138054243,0
2022-12-08,1,88,34.72622937272476,0
2022-12-09,1,131,38.098598821764156,1
2022-12-10,1,153,32.385947339476566,0
2022-12-11,1,178,10.390833896767347,0
2022-12-12,1,60,23.058452329759675,0
2022-12-13,1,269,30.708465735388458,0
2022-12-14,1,234,13.514659965793335,0
2022-12-15,1,266,24.025077248367232,1
2022-12-16,1,227,11.328124351654662,0
2022-12-17,1,200,13.14313988620083,0
2022-12-18,1,208,25.87693104806384,1
2022-12-19,1,271,15.308630161722414,1
2022-12-20,1,91,32.70163393046232,0
2022-12-21,1,148,37.578598765490625,0
2022-12-22,1,56,42.02346796436331,0
2022-12-23,1,193,18.006009769792403,0
2022-12-24,1,139,16.699303290362792,0
2022-12-25,1,161,14.18271361337601,0
2022-12-26,1,298,35.457209981745464,0
2022-12-27,1,293,38.25902905947605,1
2022-12-28,1,109,11.263445793025681,0
2022-12-29,1,162,47.448489849747595,0
2022-12-30,1,51,12.078851346058897,0
2022-12-31,1,178,31.65185341204282,1
2022-01-01,2,97,38.36242077803666,1
2022-01-02,2,189,44.83876494984342,1
2022-01-03,2,246,38.56347728529711,1
2022-01-04,2,86,42.069123322791675,1
2022-01-05,2,209,23.57800770171224,0
2022-01-06,2,296,42.59300454986049,0
2022-01-07,2,58,13.204593855387007,0
2022-01-08,2,282,45.792666242421106,1
2022-01-09,2,148,31.90369504614945,1
2022-01-10,2,196,42.69191079849975,0
2022-01-11,2,97,28.092731380732005,0
2022-01-12,2,257,35.743107807860994,0
2022-01-13,2,180,31.056106437444527,1
2022-01-14,2,197,39.263580870213275,0
2022-01-15,2,201,13.265199281223584,0
2022-01-16,2,103,12.414083359622552,0
2022-01-17,2,169,19.884129360405858,0
2022-01-18,2,210,16.381787204527534,1
2022-01-19,2,201,44.87134266368807,0
2022-01-20,2,165,18.76855949432177,1
2022-01-21,2,124,49.03461023276525,0
2022-01-22,2,162,23.475831670844272,0
2022-01-23,2,249,17.284716627547972,0
2022-01-24,2,213,41.58794028569916,1
2022-01-25,2,215,36.34831102003504,0
2022-01-26,2,153,29.92782865812556,0
2022-01-27,2,133,32.214542037505254,0
2022-01-28,2,276,38.768071130890554,1
2022-01-29,2,161,19.13818965325195,0
2022-01-30,2,266,49.853356642269674,1
2022-01-31,2,148,48.991726485871325,0
2022-02-01,2,202,36.01302745387748,0
2022-02-02,2,142,17.981698037165806,0
2022-02-03,2,195,37.209129697251655,0
2022-02-04,2,177,12.887936359167034,0
2022-02-05,2,159,11.226100088232243,0
2022-02-06,2,131,20.30731554044855,0
2022-02-07,2,243,28.504918269572652,1
2022-02-08,2,103,44.73090021633522,0
2022-02-09,2,212,39.08676279065232,1
2022-02-10,2,257,39.70826084799924,0
2022-02-11,2,238,27.019733377923014,0
2022-02-12,2,218,23.837399701878518,0
2022-02-13,2,277,24.841550519384107,0
2022-02-14,2,210,49.505982549442315,0
2022-02-15,2,117,11.6043676564993,0
2022-02-16,2,82,44.681259844897944,0
2022-02-17,2,191,33.14701634289574,0
2022-02-18,2,70,27.54461676758362,1
2022-02-19,2,97,39.01030641660546,1
2022-02-20,2,197,29.466757656988115,0
2022-02-21,2,297,44.93692952326642,0
2022-02-22,2,177,46.02807456045034,0
2022-02-23,2,185,26.868837074938217,0
2022-02-24,2,184,21.073111889402064,0
2022-02-25,2,244,33.69401314373449,0
2022-02-26,2,194,46.49453382466764,0
2022-02-27,2,177,18.42648756022666,0
2022-02-28,2,82,34.91866334253931,0
2022-03-01,2,225,35.26240880370082,1
2022-03-02,2,253,39.32452089661124,1
2022-03-03,2,236,15.262707405090392,0
2022-03-04,2,164,38.63299858728354,1
2022-03-05,2,263,46.36130082662564,1
2022-03-06,2,168,17.18732435480968,0
2022-03-07,2,71,19.501732996955106,0
2022-03-08,2,287,48.855803761665584,0
2022-03-09,2,207,17.23907810837959,1
2022-03-10,2,87,44.17540373478317,1
2022-03-11,2,279,29.69111425792139,0
2022-03-12,2,158,19.889242976127083,0
2022-03-13,2,100,44.829996050900455,0
2022-03-14,2,231,27.81221020010662,0
2022-03-15,2,57,30.59269415718761,0
2022-03-16,2,76,24.369334775990627,1
2022-03-17,2,76,33.7180340573971,0
2022-03-18,2,275,16.54095490340091,1
2022-03-19,2,70,25.643261466070427,1
2022-03-20,2,79,48.7764928934115,1
2022-03-21,2,146,20.3253373080451,0
2022-03-22,2,77,36.269466581651685,0
2022-03-23,2,160,23.007602568987796,0
2022-03-24,2,241,40.93892502746402,0
2022-03-25,2,274,15.234946428733993,0
2022-03-26,2,246,48.79284180314179,0
2022-03-27,2,110,28.15158165534557,0
2022-03-28,2,97,19.44201853385856,0
2022-03-29,2,196,12.939869893200505,0
2022-03-30,2,53,16.79031620350163,0
2022-03-31,2,84,30.790957942240706,1
2022-04-01,2,241,23.48012705725145,1
2022-04-02,2,98,43.15533463530438,0
2022-04-03,2,66,27.235500946472236,0
2022-04-04,2,221,19.948570903505196,0
2022-04-05,2,269,34.68579946416121,0
2022-04-06,2,207,38.27108867541783,0
2022-04-07,2,270,16.681676316037994,1
2022-04-08,2,95,16.704768651532707,0
2022-04-09,2,166,11.466857077341718,0
2022-04-10,2,55,39.45608060262562,0
2022-04-11,2,148,36.552181104872204,0
2022-04-12,2,173,28.985235029992555,0
2022-04-13,2,282,43.76681795876789,0
2022-04-14,2,86,42.22680611800213,0
2022-04-15,2,73,33.414174575870085,0
2022-04-16,2,142,44.73085122053035,0
2022-04-17,2,290,18.23364840147073,0
2022-04-18,2,95,14.476784775909115,0
2022-04-19,2,230,20.789984460679584,1
2022-04-20,2,144,12.283474243572595,0
2022-04-21,2,148,31.24678112004128,0
2022-04-22,2,237,47.464227691798456,0
2022-04-23,2,274,11.573741626740386,0
2022-04-24,2,165,14.884396560401072,0
2022-04-25,2,240,28.087961131337412,0
2022-04-26,2,262,47.3550007011162,1
2022-04-27,2,209,22.64624419907002,0
2022-04-28,2,264,30.289392347535696,0
2022-04-29,2,210,11.662914362015684,0
2022-04-30,2,116,15.933728038483554,1
2022-05-01,2,177,49.46520491835388,0
2022-05-02,2,67,48.60474785744182,0
2022-05-03,2,74,10.197599237376384,0
2022-05-04,2,283,48.07247141692956,0
2022-05-05,2,272,35.56479751262002,0
2022-05-06,2,103,44.716731780800885,0
2022-05-07,2,107,28.189594225354362,0
2022-05-08,2,116,30.62384114317001,0
2022-05-09,2,153,29.55386321027681,0
2022-05-10,2,223,36.67457030184417,0
2022-05-11,2,73,15.586050190252516,1
2022-05-12,2,163,11.198943594907117,0
2022-05-13,2,81,22.317197663647637,0
2022-05-14,2,224,38.18723050946587,0
2022-05-15,2,135,18.074138084917934,0
2022-05-16,2,200,36.93729733299669,1
2022-05-17,2,243,48.79648184429082,0
2022-05-18,2,176,13.756028631576736,0
2022-05-19,2,204,36.90408472900505,0
2022-05-20,2,283,27.750008772182845,0
2022-05-21,2,179,44.72569017510021,0
2022-05-22,2,267,17.085991577895435,0
2022-05-23,2,66,37.70503808904658,0
2022-05-24,2,153,43.52461158592441,1
2022-05-25,2,210,47.78456877896093,0
2022-05-26,2,186,37.329921131585834,1
2022-05-27,2,92,29.886990560337093,1
2022-05-28,2,295,34.713889608048554,1
2022-05-29,2,225,44.756199379148725,0
2022-05-30,2,88,32.82438986555319,0
2022-05-31,2,270,11.215482387873475,1
2022-06-01,2,219,47.23794782027911,0
2022-06-02,2,296,37.58107004126245,0
2022-06-03,2,75,37.06053543108986,1
2022-06-04,2,148,18.627006095908687,1
2022-06-05,2,99,36.355418809306286,0
2022-06-06,2,202,25.75457622616634,0
2022-06-07,2,201,36.04931908165968,0
2022-06-08,2,62,14.263721212319629,1
2022-06-09,2,109,36.313812184121446,1
2022-06-10,2,299,49.97654903082666,0
2022-06-11,2,184,11.928481554422241,0
2022-06-12,2,106,49.08696736885269,1
2022-06-13,2,85,26.276318428914823,0
2022-06-14,2,222,44.83013801349037,0
2022-06-15,2,69,41.29541936233094,1
2022-06-16,2,114,32.68065043946671,0
2022-06-17,2,57,39.537968370053065,0
2022-06-18,2,287,45.14062245205392,0
2022-06-19,2,193,26.165612866041318,0
2022-06-20,2,191,23.081326462529546,1
2022-06-21,2,253,36.70373542254339,0
2022-06-22,2,164,42.31383767765034,1
2022-06-23,2,264,40.49140539106463,0
2022-06-24,2,192,41.912545954345376,0
2022-06-25,2,141,27.42333259251732,0
2022-06-26,2,147,42.71336864700086,0
2022-06-27,2,115,14.808362214824339,0
2022-06-28,2,81,31.779563918433983,0
2022-06-29,2,264,10.230346419924864,0
2022-06-30,2,240,22.98343319601081,0
2022-07-01,2,135,24.658461394855916,1
2022-07-02,2,100,25.846907664370214,0
2022-07-03,2,202,37.81868826759449,1
2022-07-04,2,235,25.54232405081383,0
2022-07-05,2,112,27.947744904901228,0
2022-07-06,2,239,19.5017652349731,0
2022-07-07,2,174,24.930071665173603,0
2022-07-08,2,199,19.090785090526058,0
2022-07-09,2,107,12.927836950737746,1
2022-07-10,2,107,34.13794373525512,1
2022-07-11,2,135,36.728511942200655,0
2022-07-12,2,98,34.779613840384584,0
2022-07-13,2,229,28.539761752022894,1
2022-07-14,2,219,25.19143120716919,0
2022-07-15,2,119,44.53334598287301,1
2022-07-16,2,64,30.763271405448723,1
2022-07-17,2,103,29.16727510518924,1
2022-07-18,2,284,11.025682632257428,0
2022-07-19,2,237,23.649913105046252,0
2022-07-20,2,150,25.20782475143428,0
2022-07-21,2,274,25.95291123587602,0
2022-07-22,2,57,33.206894769093296,1
2022-07-23,2,102,31.34410186907514,0
2022-07-24,2,109,34.316203711737785,0
2022-07-25,2,285,40.59533046168513,1
2022-07-26,2,157,42.51942954864374,1
2022-07-27,2,54,38.724923049059775,1
2022-07-28,2,152,48.22094783819739,1
2022-07-29,2,245,10.729303307054465,0
2022-07-30,2,55,17.831119427341843,0
2022-07-31,2,158,10.302514999125684,1
2022-08-01,2,273,35.898988566184116,0
2022-08-02,2,165,45.92122195799948,0
2022-08-03,2,143,19.73929186305197,0
2022-08-04,2,96,47.081381791852266,0
2022-08-05,2,148,12.410695611582433,1
2022-08-06,2,104,47.37744107222057,0
2022-08-07,2,217,24.064907489585377,0
2022-08-08,2,101,14.05683313796866,0
2022-08-09,2,193,29.434870367453026,0
2022-08-10,2,62,20.271062708820317,0
2022-08-11,2,163,21.394916078476914,0
2022-08-12,2,173,22.29159859705146,1
2022-08-13,2,155,42.121035913306535,0
2022-08-14,2,207,31.566451067010178,0
2022-08-15,2,196,22.452307966240145,0
2022-08-16,2,194,34.41335133243673,0
2022-08-17,2,169,38.64602696892774,0
2022-08-18,2,112,20.90496002934135,1
2022-08-19,2,68,26.54196406101406,0
2022-08-20,2,141,14.875443733477901,1
2022-08-21,2,107,17.245973981387213,0
2022-08-22,2,232,37.24471415859931,0
2022-08-23,2,139,17.257533907825078,0
2022-08-24,2,278,31.006535346682405,1
2022-08-25,2,267,38.36185046889731,0
2022-08-26,2,166,14.275076923789754,0
2022-08-27,2,111,32.692488785156144,0
2022-08-28,2,72,20.262511348054552,0
2022-08-29,2,176,48.517075009503195,0
2022-08-30,2,186,29.341825868796988,0
2022-08-31,2,189,42.23970199100633,0
2022-09-01,2,294,32.00906168625047,0
2022-09-02,2,178,11.736501314192767,0
2022-09-03,2,107,35.326055023760894,1
2022-09-04,2,171,48.05613368826628,1
2022-09-05,2,50,34.06447280585325,1
2022-09-06,2,288,42.767554377071605,0
2022-09-07,2,83,45.36825853393631,0
2022-09-08,2,145,19.1231908779573,0
2022-09-09,2,175,18.481793596329066,0
2022-09-10,2,167,34.43923955403967,0
2022-09-11,2,97,26.441138792268188,0
2022-09-12,2,138,43.59445211466881,0
2022-09-13,2,281,46.000924935920445,0
2022-09-14,2,286,24.136855172108724,1
2022-09-15,2,166,19.47482235897928,0
2022-09-16,2,178,41.221020609754476,0
2022-09-17,2,65,20.992241421925442,0
2022-09-18,2,238,42.90457274054714,0
2022-09-19,2,280,26.94953014595051,0
2022-09-20,2,241,36.70199597165882,1
2022-09-21,2,240,13.821412553386727,1
2022-09-22,2,118,34.954372987062925,0
2022-09-23,2,71,28.070707149489166,1
2022-09-24,2,142,33.46433852701897,1
2022-09-25,2,296,16.720568309794537,1
2022-09-26,2,244,39.47494979776728,1
2022-09-27,2,125,44.51188310172914,0
2022-09-28,2,203,18.669592003631024,0
2022-09-29,2,193,13.828582220806469,0
2022-09-30,2,228,10.945543441853456,0
2022-10-01,2,278,35.67886001773064,1
2022-10-02,2,135,34.28376144355123,0
2022-10-03,2,234,31.8678965085628,1
2022-10-04,2,78,19.277883844639017,1
2022-10-05,2,255,25.636239836220586,1
2022-10-06,2,269,33.77905340744692,1
2022-10-07,2,118,29.870674354366777,0
2022-10-08,2,96,49.51142080859549,0
2022-10-09,2,290,15.457590102269325,0
2022-10-10,2,143,37.80578216190375,0
2022-10-11,2,287,26.172750724171685,0
2022-10-12,2,239,27.12798459702459,0
2022-10-13,2,293,38.70391062632705,1
2022-10-14,2,246,37.69744605297478,0
2022-10-15,2,253,49.65023974808753,0
2022-10-16,2,193,15.13577157816501,0
2022-10-17,2,267,14.164385975366653,0
2022-10-18,2,267,38.97355268514964,0
2022-10-19,2,225,33.13547668025636,1
2022-10-20,2,134,20.966426662392234,0
2022-10-21,2,88,13.176774759559464,1
2022-10-22,2,149,13.426329983857222,0
2022-10-23,2,82,45.76763498656473,1
2022-10-24,2,271,17.674692988749715,0
2022-10-25,2,150,22.93486248462083,0
2022-10-26,2,72,19.06625608907952,0
2022-10-27,2,299,24.199852233277493,1
2022-10-28,2,59,12.776953709843735,0
2022-10-29,2,295,30.762391636330815,0
2022-10-30,2,118,12.704502543688596,1
2022-10-31,2,149,42.014260312894464,1
2022-11-01,2,83,19.34848327641732,0
2022-11-02,2,229,31.600476584180424,1
2022-11-03,2,272,45.20316350245833,0
2022-11-04,2,187,36.03509476188776,0
2022-11-05,2,299,31.318311462053412,0
2022-11-06,2,196,22.973350124615024,1
2022-11-07,2,235,23.320076522327916,1
2022-11-08,2,145,36.7794782079276,0
2022-11-09,2,50,49.7655744488467,0
2022-11-10,2,297,36.47356759397515,0
2022-11-11,2,118,32.311336694801,1
2022-11-12,2,286,39.22602040956984,1
2022-11-13,2,53,28.608224491348725,0
2022-11-14,2,65,12.405693704031409,1
2022-11-15,2,73,32.491872635116394,1
2022-11-16,2,129,48.305011380215205,0
2022-11-17,2,296,17.012117694306387,0
2022-11-18,2,51,37.600195632826626,0
2022-11-19,2,290,18.03734754636226,0
2022-11-20,2,269,31.43310737892325,0
2022-11-21,2,177,13.867057985868785,0
2022-11-22,2,209,28.014837450327406,1
2022-11-23,2,268,40.24653315580984,0
2022-11-24,2,133,23.902860969559285,0
2022-11-25,2,201,36.59646897948872,0
2022-11-26,2,189,41.81799843158917,0
2022-11-27,2,227,47.087112779178106,0
2022-11-28,2,212,19.38568327421814,0
2022-11-29,2,173,25.972636632372325,0
2022-11-30,2,82,16.096640533216696,0
2022-12-01,2,210,49.699340086335006,0
2022-12-02,2,238,47.08003871697181,0
2022-12-03,2,228,31.598285211222382,1
2022-12-04,2,220,43.68133177505685,0
2022-12-05,2,150,30.838319090881686,0
2022-12-06,2,61,34.94342752011039,1
2022-12-07,2,116,13.564977284640666,0
2022-12-08,2,114,40.21081681987232,0
2022-12-09,2,210,15.108539345409394,1
2022-12-10,2,217,43.04270521010113,0
2022-12-11,2,123,41.28112350681543,0
2022-12-12,2,92,38.349787909719055,1
2022-12-13,2,93,11.446415220990485,1
2022-12-14,2,78,22.125134237813143,1
2022-12-15,2,190,20.524502796433715,0
2022-12-16,2,61,24.405456298860763,0
2022-12-17,2,144,13.505709870553542,0
2022-12-18,2,95,47.47831292124251,0
2022-12-19,2,179,32.15208962849505,0
2022-12-20,2,292,22.22097242632094,0
2022-12-21,2,291,25.879260682971335,1
2022-12-22,2,84,27.888101620193424,0
2022-12-23,2,264,34.02377333442469,0
2022-12-24,2,130,30.62717710785991,0
2022-12-25,2,139,46.775678928576696,0
2022-12-26,2,57,29.87853931623321,0
2022-12-27,2,142,49.6863205929325,0
2022-12-28,2,203,44.05699830980383,0
2022-12-29,2,251,18.340420574293432,0
2022-12-30,2,139,47.22380858575665,1
2022-12-31,2,211,14.654655915419044,1
2022-01-01,3,164,42.697988339647665,0
2022-01-02,3,154,25.2249317390632,0
2022-01-03,3,184,45.11897281780278,1
2022-01-04,3,245,44.72226760429801,1
2022-01-05,3,107,42.23701600470485,0
2022-01-06,3,294,41.601217452282455,1
2022-01-07,3,163,22.18716556392163,0
2022-01-08,3,286,13.236771322050087,1
2022-01-09,3,124,26.119207150606456,1
2022-01-10,3,206,16.940980599460346,0
2022-01-11,3,169,37.79804355609847,1
2022-01-12,3,213,23.843989061511422,0
2022-01-13,3,266,49.02440803439659,1
2022-01-14,3,70,35.63888309381328,0
2022-01-15,3,298,42.899222545374435,1
2022-01-16,3,213,15.300986909673938,0
2022-01-17,3,187,44.4805792909049,0
2022-01-18,3,150,46.910287620535776,0
2022-01-19,3,250,29.482476752757435,1
2022-01-20,3,201,34.2501175100391,1
2022-01-21,3,241,40.59239203611982,1
2022-01-22,3,276,16.993545090416504,1
2022-01-23,3,226,30.102643058537698,0
2022-01-24,3,148,25.946521110892526,0
2022-01-25,3,289,15.854959686489964,0
2022-01-26,3,85,24.70137689166126,0
2022-01-27,3,259,12.726892375419743,0
2022-01-28,3,290,11.03247627797948,0
2022-01-29,3,280,15.40665156619291,0
2022-01-30,3,145,48.52460446356695,0
2022-01-31,3,201,31.98118143580068,0
2022-02-01,3,200,48.6328864461288,0
2022-02-02,3,239,27.29991513320528,1
2022-02-03,3,273,22.472645323410383,1
2022-02-04,3,86,30.245674513609764,1
2022-02-05,3,61,27.580467545316406,0
2022-02-06,3,162,14.226587370469757,0
2022-02-07,3,232,35.63305258760825,1
2022-02-08,3,62,18.641527300383984,0
2022-02-09,3,72,34.78351819591318,0
2022-02-10,3,266,36.00804369592613,0
2022-02-11,3,148,16.080994125145924,0
2022-02-12,3,154,12.453985084426726,0
2022-02-13,3,79,41.230463442737594,0
2022-02-14,3,66,28.392016950772806,0
2022-02-15,3,162,12.32655182021903,0
2022-02-16,3,111,49.794652686790684,0
2022-02-17,3,133,12.311222439854665,1
2022-02-18,3,161,37.801409154342124,0
2022-02-19,3,266,49.34715701053654,0
2022-02-20,3,135,19.567204168637026,1
2022-02-21,3,190,15.689974747487847,0
2022-02-22,3,236,14.855397576897156,0
2022-02-23,3,68,22.131005902703823,0
2022-02-24,3,226,14.041832440425868,0
2022-02-25,3,149,37.68645366776528,0
2022-02-26,3,189,12.491671925202507,1
2022-02-27,3,238,30.37688512599159,0
2022-02-28,3,282,49.86787415411907,0
2022-03-01,3,196,42.558810780240755,0
2022-03-02,3,125,34.608777529240434,0
2022-03-03,3,58,22.250144831464468,0
2022-03-04,3,248,34.95583345166554,0
2022-03-05,3,77,31.081658556466067,0
2022-03-06,3,255,27.043335355614857,0
2022-03-07,3,272,15.22841506960798,0
2022-03-08,3,177,45.46416860961867,0
2022-03-09,3,101,27.9913859528529,1
2022-03-10,3,132,17.784900472830603,0
2022-03-11,3,299,24.710374035091583,0
2022-03-12,3,160,26.565190101157082,0
2022-03-13,3,193,43.10151582267497,1
2022-03-14,3,166,39.344575222456086,0
2022-03-15,3,118,40.77219574565359,0
2022-03-16,3,148,10.441250577145889,1
2022-03-17,3,189,26.64615992719046,1
2022-03-18,3,74,29.253766065412947,0
2022-03-19,3,229,10.767691072922268,0
2022-03-20,3,172,20.392528349801367,1
2022-03-21,3,262,40.4115929248854,1
2022-03-22,3,277,15.484388229159961,1
2022-03-23,3,102,31.412405258103668,0
2022-03-24,3,200,18.6080748806895,0
2022-03-25,3,193,10.484830985755732,0
2022-03-26,3,106,19.64805830398166,1
2022-03-27,3,88,49.03495019640215,0
2022-03-28,3,158,42.06148447531958,0
2022-03-29,3,230,48.383065772841334,1
2022-03-30,3,91,29.5141617570545,0
2022-03-31,3,235,14.389447947100141,1
2022-04-01,3,216,31.91837955894772,0
2022-04-02,3,191,28.175093382398437,0
2022-04-03,3,272,43.77428330958464,0
2022-04-04,3,171,13.923303231369783,1
2022-04-05,3,182,29.529645480871128,0
2022-04-06,3,212,16.00194658775937,0
2022-04-07,3,264,22.987037075602398,1
2022-04-08,3,270,39.49428309551199,0
2022-04-09,3,284,29.040725174750662,0
2022-04-10,3,124,25.035531405830774,0
2022-04-11,3,195,25.779051142801414,0
2022-04-12,3,288,28.377870736239466,0
2022-04-13,3,125,41.400661753482275,0
2022-04-14,3,58,45.68338755760938,0
2022-04-15,3,123,48.21338746015713,0
2022-04-16,3,235,41.4761354502118,0
2022-04-17,3,285,22.61627582992051,0
2022-04-18,3,194,37.525388243461684,0
2022-04-19,3,279,27.504124962215677,0
2022-04-20,3,56,20.186824881842046,0
2022-04-21,3,223,43.634863177036905,0
2022-04-22,3,190,11.537053958493,0
2022-04-23,3,217,46.07047968541694,1
2022-04-24,3,219,28.459098584989366,0
2022-04-25,3,186,35.48805907233122,1
2022-04-26,3,227,36.37415688823131,1
2022-04-27,3,76,45.804709628261456,0
2022-04-28,3,171,35.466787286688295,0
2022-04-29,3,243,34.55734339040247,0
2022-04-30,3,54,12.666081622427598,1
2022-05-01,3,78,30.73632087780816,0
2022-05-02,3,214,16.006760032681665,0
2022-05-03,3,215,39.497350748859425,0
2022-05-04,3,132,30.48887683250698,1
2022-05-05,3,185,37.20911116833413,1
2022-05-06,3,289,11.666916024095372,0
2022-05-07,3,158,13.391680641832128,0
2022-05-08,3,114,38.65293552250729,0
2022-05-09,3,135,12.883373439946935,0
2022-05-10,3,293,12.850269110610345,1
2022-05-11,3,194,10.484339009395498,0
2022-05-12,3,120,48.2600559319792,0
2022-05-13,3,266,39.50033437836028,0
2022-05-14,3,94,24.130056340082568,1
2022-05-15,3,181,21.86142325150621,1
2022-05-16,3,85,23.988129189833984,0
2022-05-17,3,119,40.986141247247275,1
2022-05-18,3,208,36.45482444281657,0
2022-05-19,3,68,17.407822714698717,0
2022-05-20,3,238,16.964373413363376,0
2022-05-21,3,157,13.935825988535893,0
2022-05-22,3,231,36.41210878805353,0
2022-05-23,3,216,40.57490648886944,1
2022-05-24,3,140,20.60185713300016,0
2022-05-25,3,251,10.837798441236512,0
2022-05-26,3,139,13.286866699057093,0
2022-05-27,3,68,48.71440139380122,0
2022-05-28,3,88,21.81779109909681,1
2022-05-29,3,175,40.768925913525344,0
2022-05-30,3,244,34.98654275417055,0
2022-05-31,3,222,25.277585586115837,1
2022-06-01,3,190,18.227490487822205,0
2022-06-02,3,291,14.855456726376257,0
2022-06-03,3,269,34.600518721554664,0
2022-06-04,3,175,40.98535122551152,0
2022-06-05,3,107,35.75617014164523,1
2022-06-06,3,197,31.21208532996633,1
2022-06-07,3,269,11.678048937265451,0
2022-06-08,3,249,48.739551103775355,1
2022-06-09,3,110,41.94856766618298,0
2022-06-10,3,176,21.71288146803859,0
2022-06-11,3,154,49.19881317435403,0
2022-06-12,3,216,34.07526358545289,0
2022-06-13,3,50,33.29690632828986,0
2022-06-14,3,180,39.922927177181286,0
2022-06-15,3,254,42.4707915236055,1
2022-06-16,3,141,36.25914429326011,0
2022-06-17,3,239,15.123829854648001,0
2022-06-18,3,298,23.530700239779936,0
2022-06-19,3,240,47.12334561304199,0
2022-06-20,3,162,18.984624473754078,0
2022-06-21,3,202,24.886680953500534,0
2022-06-22,3,105,27.28307531776784,1
2022-06-23,3,210,27.57619958777809,0
2022-06-24,3,215,34.51758329978102,0
2022-06-25,3,166,47.7230335097883,0
2022-06-26,3,183,19.6277084733002,0
2022-06-27,3,107,14.860055052036723,0
2022-06-28,3,93,17.898819594397494,1
2022-06-29,3,222,45.47699600837078,0
2022-06-30,3,209,35.83243250620824,0
2022-07-01,3,222,21.436271569566404,0
2022-07-02,3,110,42.63787755874469,0
2022-07-03,3,96,44.45479985453744,0
2022-07-04,3,198,43.860573547611125,1
2022-07-05,3,129,46.75706134558218,0
2022-07-06,3,167,20.08964080693446,1
2022-07-07,3,262,40.201677149851136,0
2022-07-08,3,252,28.4215798909656,1
2022-07-09,3,278,43.67994211560246,0
2022-07-10,3,213,39.13962708646453,0
2022-07-11,3,276,41.057897859988984,0
2022-07-12,3,196,36.24647350724286,1
2022-07-13,3,69,17.097150778788276,0
2022-07-14,3,234,31.80107675587753,0
2022-07-15,3,195,49.38678958098033,0
2022-07-16,3,96,47.495522659884756,1
2022-07-17,3,282,11.726949431880467,0
2022-07-18,3,98,16.592592629177485,1
2022-07-19,3,63,15.269150938182477,0
2022-07-20,3,192,39.03919639941182,0
2022-07-21,3,208,42.7114131942778,0
2022-07-22,3,50,18.540454652426877,1
2022-07-23,3,166,30.23410771807316,0
2022-07-24,3,103,43.628121120448,1
2022-07-25,3,167,39.31206179065002,0
2022-07-26,3,52,31.689488219673933,0
2022-07-27,3,193,33.613907618350915,0
2022-07-28,3,264,30.3344218766512,0
2022-07-29,3,234,21.901938052752822,1
2022-07-30,3,252,32.600879714360644,1
2022-07-31,3,61,37.55541208200363,1
2022-08-01,3,123,44.93291663443231,1
2022-08-02,3,273,35.45165415916992,0
2022-08-03,3,65,40.44486148172632,0
2022-08-04,3,249,16.402865398182918,1
2022-08-05,3,151,28.462298976791594,0
2022-08-06,3,253,10.373264793083731,1
2022-08-07,3,201,19.86715458086492,1
2022-08-08,3,205,39.05846860452019,0
2022-08-09,3,166,49.67239805397454,1
2022-08-10,3,57,13.967123983488637,0
2022-08-11,3,171,26.05977263445153,0
2022-08-12,3,141,42.00283874796638,0
2022-08-13,3,213,18.161425385155955,0
2022-08-14,3,139,32.20339797209145,0
2022-08-15,3,185,39.32285184118699,0
2022-08-16,3,235,34.63941801040716,1
2022-08-17,3,109,17.520989384616644,1
2022-08-18,3,227,24.215382747429576,0
2022-08-19,3,77,41.35167137941589,0
2022-08-20,3,269,32.16906056528067,1
2022-08-21,3,150,10.20918454171651,0
2022-08-22,3,90,40.43963040112375,0
2022-08-23,3,277,11.412454197609563,0
2022-08-24,3,241,39.82935130924929,0
2022-08-25,3,204,18.099222406609496,0
2022-08-26,3,295,48.32293920477521,1
2022-08-27,3,240,24.71763005208338,0
2022-08-28,3,194,23.077264653523166,0
2022-08-29,3,250,15.955522013297788,0
2022-08-30,3,210,22.224168619608594,0
2022-08-31,3,294,45.06603047312802,0
2022-09-01,3,261,49.85337350508989,1
2022-09-02,3,254,24.732381220273933,1
2022-09-03,3,269,27.9444252381817,0
2022-09-04,3,289,38.882837528109484,1
2022-09-05,3,206,45.44783121860298,1
2022-09-06,3,190,33.721773367471364,1
2022-09-07,3,95,25.661027927113174,0
2022-09-08,3,84,26.50487363394495,0
2022-09-09,3,183,37.824725859872274,0
2022-09-10,3,131,10.128730544171148,0
2022-09-11,3,164,34.78357349839363,0
2022-09-12,3,246,24.219720417654294,0
2022-09-13,3,96,41.76789325108337,1
2022-09-14,3,202,13.719625592925286,1
2022-09-15,3,243,33.52809067793562,1
2022-09-16,3,59,29.23891559544495,0
2022-09-17,3,105,35.693021036209096,0
2022-09-18,3,79,12.594143779318735,0
2022-09-19,3,291,33.19935149712525,0
2022-09-20,3,158,32.459383518380946,0
2022-09-21,3,54,32.426403776646836,0
2022-09-22,3,168,34.13950666385819,0
2022-09-23,3,297,37.05871748905449,1
2022-09-24,3,82,42.19955998723079,0
2022-09-25,3,167,20.792828805128572,1
2022-09-26,3,114,43.001976407202484,0
2022-09-27,3,195,29.930227290538145,0
2022-09-28,3,273,13.082331165373247,0
2022-09-29,3,288,12.342037169759168,0
2022-09-30,3,226,23.36953274784243,0
2022-10-01,3,60,41.3958790844587,0
2022-10-02,3,134,38.307237389636626,0
2022-10-03,3,75,41.54459858689626,0
2022-10-04,3,112,30.690762257664375,0
2022-10-05,3,266,27.60795991821962,1
2022-10-06,3,135,15.898101068251357,0
2022-10-07,3,108,23.12771014437246,1
2022-10-08,3,76,27.36077464695501,0
2022-10-09,3,226,13.54401718718469,1
2022-10-10,3,254,18.82447810844845,1
2022-10-11,3,210,33.92901176254955,0
2022-10-12,3,147,39.42652456956759,0
2022-10-13,3,154,49.93390045571799,1
2022-10-14,3,148,47.32453325374231,0
2022-10-15,3,178,35.70260798140766,0
2022-10-16,3,198,26.84992213176288,0
2022-10-17,3,289,35.44709458832931,1
2022-10-18,3,104,41.42606472320928,1
2022-10-19,3,55,14.733447636935493,0
2022-10-20,3,269,26.39619558785153,0
2022-10-21,3,258,43.59209142542469,0
2022-10-22,3,246,25.35331807732176,0
2022-10-23,3,144,32.874890849087464,1
2022-10-24,3,182,33.51077443448793,0
2022-10-25,3,151,17.379050125345575,0
2022-10-26,3,52,24.489417666091533,0
2022-10-27,3,230,23.380451549677286,1
2022-10-28,3,72,11.04786834128259,0
2022-10-29,3,278,10.967670555654209,0
2022-10-30,3,102,43.26788174703094,0
2022-10-31,3,214,20.922832398912497,0
2022-11-01,3,251,30.72315064955262,0
2022-11-02,3,251,21.949022943550922,0
2022-11-03,3,132,47.62716980461362,0
2022-11-04,3,194,20.37187035463095,1
2022-11-05,3,134,27.186272509557405,1
2022-11-06,3,127,44.909210019384076,1
2022-11-07,3,250,43.67734267167235,0
2022-11-08,3,159,17.444056713851094,1
2022-11-09,3,50,42.10573239182842,0
2022-11-10,3,100,28.327475469515704,0
2022-11-11,3,222,29.318754883414208,0
2022-11-12,3,254,15.33919889663775,0
2022-11-13,3,53,13.224060550284985,0
2022-11-14,3,239,39.117572278950604,0
2022-11-15,3,242,29.858446094211992,0
2022-11-16,3,162,27.474028104607182,0
2022-11-17,3,281,39.18032914609587,0
2022-11-18,3,81,40.62051595964439,0
2022-11-19,3,83,16.35632670677414,0
2022-11-20,3,141,34.40900597910565,1
2022-11-21,3,144,15.414163291107421,1
2022-11-22,3,121,40.05500344116183,0
2022-11-23,3,88,36.278206250685585,0
2022-11-24,3,203,48.26458484333832,0
2022-11-25,3,299,12.758320654256847,1
2022-11-26,3,211,12.282188846050172,0
2022-11-27,3,231,21.287482987728005,0
2022-11-28,3,167,20.46822734943624,0
2022-11-29,3,52,19.879151962879995,0
2022-11-30,3,172,46.250183220841464,0
2022-12-01,3,99,19.981847993980246,1
2022-12-02,3,61,20.87798904514524,0
2022-12-03,3,242,40.37593049671855,0
2022-12-04,3,103,27.9895936980216,1
2022-12-05,3,285,41.06842227820725,1
2022-12-06,3,182,12.614646302575409,0
2022-12-07,3,271,29.502847746935373,0
2022-12-08,3,271,11.344544007331304,0
2022-12-09,3,106,12.50612813821418,1
2022-12-10,3,194,46.25749813377644,0
2022-12-11,3,161,15.569814844703807,1
2022-12-12,3,96,31.296827291008682,0
2022-12-13,3,200,26.443824104028263,0
2022-12-14,3,256,23.893733050353706,0
2022-12-15,3,278,45.9933338274909,0
2022-12-16,3,134,10.87293587101958,0
2022-12-17,3,191,36.551587447023564,0
2022-12-18,3,115,48.535777368542014,0
2022-12-19,3,124,32.40672733847368,1
2022-12-20,3,228,47.472898481323675,0
2022-12-21,3,152,12.09031517144095,1
2022-12-22,3,215,26.751732762966455,0
2022-12-23,3,241,20.406311638482045,0
2022-12-24,3,275,39.23283859922919,0
2022-12-25,3,87,49.25188361988987,0
2022-12-26,3,99,20.26120249776991,1
2022-12-27,3,147,36.16698405896298,0
2022-12-28,3,131,17.923905310389607,0
2022-12-29,3,79,32.61321018286439,0
2022-12-30,3,128,28.557299467533447,0
2022-12-31,3,140,48.88021318526148,0
2022-01-01,4,228,34.341090907858664,1
2022-01-02,4,240,23.980254883472753,1
2022-01-03,4,275,14.563831395517335,0
2022-01-04,4,101,16.04987314939738,0
2022-01-05,4,298,19.012677198049403,0
2022-01-06,4,215,20.03866645361192,0
2022-01-07,4,274,44.024642313645515,0
2022-01-08,4,265,32.44891153130099,0
2022-01-09,4,128,30.935636454974656,0
2022-01-10,4,79,14.590754874768699,0
2022-01-11,4,296,44.4055877339774,0
2022-01-12,4,155,38.91257212833935,0
2022-01-13,4,100,12.706734476000063,0
2022-01-14,4,130,38.313403889190745,0
2022-01-15,4,182,31.741528693705842,1
2022-01-16,4,78,13.269013829871131,0
2022-01-17,4,181,28.332025661146258,0
2022-01-18,4,187,29.387851485201878,0
2022-01-19,4,233,16.63098160653103,1
2022-01-20,4,194,47.82792588001129,0
2022-01-21,4,123,43.99901485922648,0
2022-01-22,4,66,36.76089349316433,0
2022-01-23,4,133,28.491822440024286,1
2022-01-24,4,265,26.470621663380342,1
2022-01-25,4,118,36.038938686038165,0
2022-01-26,4,83,31.817274776276218,1
2022-01-27,4,55,12.490924235275426,1
2022-01-28,4,102,30.500105950813268,1
2022-01-29,4,243,42.25614468931358,0
2022-01-30,4,254,28.36959510387832,0
2022-01-31,4,175,12.078263102170737,0
2022-02-01,4,284,41.451127975361324,1
2022-02-02,4,92,18.054551285438976,0
2022-02-03,4,289,20.34483339552155,0
2022-02-04,4,252,16.588254137291834,0
2022-02-05,4,164,23.2086025948599,1
2022-02-06,4,160,40.2700602275454,1
2022-02-07,4,298,30.775434380157492,0
2022-02-08,4,200,18.195250966028503,1
2022-02-09,4,232,45.113203126081636,0
2022-02-10,4,129,45.18327419806117,1
2022-02-11,4,144,44.82313700184028,0
2022-02-12,4,252,19.55184845526157,0
2022-02-13,4,167,28.049573767239522,1
2022-02-14,4,193,49.39958624563501,0
2022-02-15,4,57,40.880499052399614,1
2022-02-16,4,181,11.086696849022392,0
2022-02-17,4,153,12.608183650419683,0
2022-02-18,4,181,28.557255072493312,0
2022-02-19,4,233,46.368808234462406,0
2022-02-20,4,74,31.54807191810857,0
2022-02-21,4,244,29.91250032137161,0
2022-02-22,4,145,14.218947998265223,0
2022-02-23,4,244,36.271204188971765,0
2022-02-24,4,204,42.88412642400902,1
2022-02-25,4,142,25.216800300302495,1
2022-02-26,4,209,41.0244740370131,0
2022-02-27,4,227,48.57906615603247,1
2022-02-28,4,110,18.150658365107564,0
2022-03-01,4,171,30.933185247789652,0
2022-03-02,4,100,21.485518323383022,1
2022-03-03,4,196,41.71417676135357,1
2022-03-04,4,70,33.1037346352463,0
2022-03-05,4,54,35.383296702012146,1
2022-03-06,4,259,41.916566384635765,0
2022-03-07,4,141,25.838818906498197,1
2022-03-08,4,219,46.60360273628173,0
2022-03-09,4,110,31.3211546898456,0
2022-03-10,4,71,16.31819291341392,0
2022-03-11,4,198,37.835964726752096,0
2022-03-12,4,119,41.73045401753018,0
2022-03-13,4,50,22.670467082701066,1
2022-03-14,4,182,44.28717027995012,0
2022-03-15,4,282,46.24573019063065,0
2022-03-16,4,61,21.076179495112356,0
2022-03-17,4,139,49.34085890860888,0
2022-03-18,4,95,15.628461121950338,0
2022-03-19,4,83,18.0806267360996,0
2022-03-20,4,226,17.368993569521045,0
2022-03-21,4,127,45.75958840031482,0
2022-03-22,4,267,36.17170209299847,0
2022-03-23,4,94,16.084171328890914,1
2022-03-24,4,204,27.61293673473396,1
2022-03-25,4,122,34.61192100279208,0
2022-03-26,4,75,13.338563399575332,0
2022-03-27,4,298,45.29665473629355,0
2022-03-28,4,96,42.14414141766141,0
2022-03-29,4,170,30.20827094306553,0
2022-03-30,4,263,48.685064610366815,0
2022-03-31,4,288,26.710439171003987,0
2022-04-01,4,105,49.36441276145991,0
2022-04-02,4,143,36.71679995214508,0
2022-04-03,4,156,35.38685093015766,1
2022-04-04,4,112,16.6381958118314,1
2022-04-05,4,97,45.27711033218576,0
2022-04-06,4,110,27.099587516824606,0
2022-04-07,4,130,16.489336231299173,1
2022-04-08,4,75,10.50430079903036,1
2022-04-09,4,85,32.3902273455353,0
2022-04-10,4,50,31.095984884907054,0
2022-04-11,4,57,38.774144894766344,0
2022-04-12,4,162,45.610322120712084,0
2022-04-13,4,148,13.176263385721182,0
2022-04-14,4,229,39.259859613614495,0
2022-04-15,4,256,17.49647776390329,0
2022-04-16,4,96,44.327082126286555,0
2022-04-17,4,176,42.76254055446624,1
2022-04-18,4,105,31.631750199421774,0
2022-04-19,4,263,38.40971194493246,0
2022-04-20,4,63,22.574004527349935,0
2022-04-21,4,267,28.846715957312586,0
2022-04-22,4,77,42.865475908418865,1
2022-04-23,4,264,28.370607886928557,0
2022-04-24,4,127,24.311930613017672,0
2022-04-25,4,265,29.768497890011997,1
2022-04-26,4,179,43.12997009748874,0
2022-04-27,4,158,23.40832189483491,1
2022-04-28,4,203,16.950463725429753,0
2022-04-29,4,63,38.48056081323123,0
2022-04-30,4,236,43.03912850832327,0
2022-05-01,4,105,14.025499140941333,0
2022-05-02,4,164,19.594964510237787,1
2022-05-03,4,56,15.678879590439756,1
2022-05-04,4,52,23.917656463286665,0
2022-05-05,4,160,28.014039156216505,0
2022-05-06,4,200,39.953053478532254,1
2022-05-07,4,287,36.04590339526696,1
2022-05-08,4,156,34.837142699137246,0
2022-05-09,4,288,24.094997864386176,0
2022-05-10,4,286,43.6579021233904,0
2022-05-11,4,67,28.85148669592658,1
2022-05-12,4,299,49.16419752060618,0
2022-05-13,4,87,35.36568553182947,0
2022-05-14,4,276,15.050589662580109,1
2022-05-15,4,164,37.04710248301736,0
2022-05-16,4,64,23.00416061726796,0
2022-05-17,4,241,37.4530878674439,0
2022-05-18,4,266,12.78564592649623,0
2022-05-19,4,168,16.995257487038376,0
2022-05-20,4,278,44.22949035623145,0
2022-05-21,4,77,19.087182280940596,0
2022-05-22,4,251,43.4816450097176,0
2022-05-23,4,88,21.171043538176416,1
2022-05-24,4,234,35.71527640234831,1
2022-05-25,4,66,37.76602294039324,0
2022-05-26,4,280,30.506190125802117,0
2022-05-27,4,135,22.21242706786925,0
2022-05-28,4,267,18.505775054843845,0
2022-05-29,4,175,11.327574182497049,0
2022-05-30,4,93,22.157856049628954,0
2022-05-31,4,74,36.126511621251325,0
2022-06-01,4,194,47.532192737939305,0
2022-06-02,4,62,44.84817929052208,0
2022-06-03,4,261,40.642591061412105,0
2022-06-04,4,74,41.53789373013195,0
2022-06-05,4,117,36.59939613903981,0
2022-06-06,4,187,20.41147430264012,0
2022-06-07,4,116,46.28780122823319,1
2022-06-08,4,282,36.82929247623336,1
2022-06-09,4,158,32.4176252392176,0
2022-06-10,4,195,14.439578768539242,0
2022-06-11,4,160,27.882221752257017,0
2022-06-12,4,277,28.41433084807705,0
2022-06-13,4,160,44.582544380906796,0
2022-06-14,4,263,31.865928807511537,1
2022-06-15,4,83,25.216021958816384,0
2022-06-16,4,160,49.07201314042637,1
2022-06-17,4,57,14.428823733052628,0
2022-06-18,4,217,26.901937132477784,0
2022-06-19,4,162,11.680987006856212,1
2022-06-20,4,285,39.59616483067721,0
2022-06-21,4,132,46.72306208796603,0
2022-06-22,4,91,21.201493182019576,0
2022-06-23,4,218,44.33366707196483,0
2022-06-24,4,150,21.68872921847591,1
2022-06-25,4,55,46.43080646575661,0
2022-06-26,4,229,40.158476143871354,1
2022-06-27,4,75,42.19627107365754,1
2022-06-28,4,113,10.72026222401818,1
2022-06-29,4,275,48.51241428296104,0
2022-06-30,4,236,39.066839682812926,0
2022-07-01,4,233,22.190043815445332,1
2022-07-02,4,108,43.17578659435388,0
2022-07-03,4,158,21.260847936597198,0
2022-07-04,4,247,44.910153582645115,0
2022-07-05,4,278,14.50321561647748,0
2022-07-06,4,170,38.14743909843183,0
2022-07-07,4,82,31.62793906579641,0
2022-07-08,4,230,13.861378807817633,0
2022-07-09,4,199,19.67575313035356,1
2022-07-10,4,70,10.496161451092592,0
2022-07-11,4,247,28.750718618580233,1
2022-07-12,4,119,22.050610430400013,0
2022-07-13,4,296,33.934299371910356,1
2022-07-14,4,161,21.88951230834469,0
2022-07-15,4,53,21.996764460279387,1
2022-07-16,4,143,39.727727949264136,0
2022-07-17,4,124,11.925713439134139,1
2022-07-18,4,239,46.11579980767949,0
2022-07-19,4,111,44.09055497564726,1
2022-07-20,4,143,36.71218732905626,1
2022-07-21,4,144,33.728862804295375,0
2022-07-22,4,201,45.69209992558609,0
2022-07-23,4,104,17.41320718114858,1
2022-07-24,4,186,13.158766487633144,0
2022-07-25,4,296,19.580406796381524,1
2022-07-26,4,180,41.78313114800761,0
2022-07-27,4,292,11.386810669059333,0
2022-07-28,4,80,33.31227340333959,1
2022-07-29,4,89,49.817500647652395,0
2022-07-30,4,278,44.227843753501574,1
2022-07-31,4,85,30.857827561743576,0
2022-08-01,4,201,12.545636371465694,0
2022-08-02,4,272,43.25494057542839,0
2022-08-03,4,55,33.95914032708842,0
2022-08-04,4,115,14.597319882382674,0
2022-08-05,4,261,13.754291392934249,0
2022-08-06,4,269,46.3850727774637,0
2022-08-07,4,124,36.76801051752314,0
2022-08-08,4,53,43.17147197267022,1
2022-08-09,4,128,45.15915601129069,0
2022-08-10,4,183,32.87089408193289,0
2022-08-11,4,167,30.69785407020165,0
2022-08-12,4,162,27.21709641283961,0
2022-08-13,4,143,22.677863511644773,1
2022-08-14,4,297,27.38383843434847,0
2022-08-15,4,279,40.955186229206255,0
2022-08-16,4,228,34.07693724060526,0
2022-08-17,4,111,45.70093159819385,0
2022-08-18,4,234,27.73520057516751,1
2022-08-19,4,243,34.28358314875016,0
2022-08-20,4,128,35.25230212367955,1
2022-08-21,4,252,33.66788649225302,0
2022-08-22,4,185,38.10535092342065,0
2022-08-23,4,75,19.49733873499225,1
2022-08-24,4,228,30.494551101831625,0
2022-08-25,4,222,14.168992112333907,0
2022-08-26,4,93,25.3804531057925,0
2022-08-27,4,182,29.506682744850576,0
2022-08-28,4,119,36.088970381818896,0
2022-08-29,4,203,48.02124210344814,0
2022-08-30,4,167,34.026042661934234,0
2022-08-31,4,117,39.74375664706239,0
2022-09-01,4,68,30.25064237980811,0
2022-09-02,4,261,35.364161255053254,0
2022-09-03,4,274,12.837288645350938,0
2022-09-04,4,69,20.17566323367388,0
2022-09-05,4,162,24.474123728205548,1
2022-09-06,4,189,28.899734200260543,0
2022-09-07,4,96,11.82594982009535,1
2022-09-08,4,50,15.600963902132708,0
2022-09-09,4,139,21.07257231165223,0
2022-09-10,4,191,48.86130763604203,0
2022-09-11,4,113,23.25388028412203,0
2022-09-12,4,87,29.2816423244833,0
2022-09-13,4,86,17.843908509535716,0
2022-09-14,4,175,34.43120284303073,0
2022-09-15,4,188,21.22732862063897,1
2022-09-16,4,149,18.27970313753707,0
2022-09-17,4,126,30.66290513783916,0
2022-09-18,4,284,10.220231966416833,1
2022-09-19,4,52,10.306561305969012,0
2022-09-20,4,210,18.76275236407431,0
2022-09-21,4,183,11.468854500032846,0
2022-09-22,4,227,14.321030165227654,1
2022-09-23,4,297,23.554425973550064,1
2022-09-24,4,59,42.103427183192515,0
2022-09-25,4,54,32.88194573477203,0
2022-09-26,4,200,30.506709038256655,1
2022-09-27,4,187,21.739552928324866,0
2022-09-28,4,221,47.270148777312656,0
2022-09-29,4,179,25.880601649487666,0
2022-09-30,4,62,13.48371067183086,0
2022-10-01,4,217,34.68266064471205,0
2022-10-02,4,179,14.553535739064056,0
2022-10-03,4,133,23.808925712067683,0
2022-10-04,4,114,30.296477548712353,0
2022-10-05,4,112,44.96890098740703,1
2022-10-06,4,150,29.741863213604745,0
2022-10-07,4,122,38.09035064126657,0
2022-10-08,4,66,49.712673559962816,0
2022-10-09,4,58,15.259564795919264,0
2022-10-10,4,252,20.98926102078078,0
2022-10-11,4,192,25.783043023905854,0
2022-10-12,4,201,26.873127141553255,1
2022-10-13,4,87,26.44084301062183,1
2022-10-14,4,296,46.3044401022622,0
2022-10-15,4,212,38.56130577867425,0
2022-10-16,4,143,34.31620856362815,0
2022-10-17,4,144,22.374908714511285,1
2022-10-18,4,98,42.95161536885179,1
2022-10-19,4,118,48.202420459399555,0
2022-10-20,4,111,42.84793130200906,0
2022-10-21,4,237,10.062604207658916,1
2022-10-22,4,285,35.45605480733628,0
2022-10-23,4,227,12.045415257684029,0
2022-10-24,4,127,20.304288813348876,0
2022-10-25,4,166,12.380988013910867,0
2022-10-26,4,169,34.15181811797551,1
2022-10-27,4,252,37.46359653970427,1
2022-10-28,4,186,14.579505522636204,0
2022-10-29,4,211,25.353555321799178,0
2022-10-30,4,125,28.249460358221683,0
2022-10-31,4,276,24.762120870436664,0
2022-11-01,4,84,14.841000019407723,0
2022-11-02,4,50,26.757911607499018,0
2022-11-03,4,89,40.04712191233672,0
2022-11-04,4,113,12.840306581330218,0
2022-11-05,4,199,13.207200563276139,0
2022-11-06,4,109,24.19085167343937,0
2022-11-07,4,113,47.669028464757005,0
2022-11-08,4,142,36.742905868916566,0
2022-11-09,4,121,37.14679826690259,1
2022-11-10,4,60,24.4767996335146,0
2022-11-11,4,154,33.74643164834154,0
2022-11-12,4,278,10.405247361109735,1
2022-11-13,4,63,35.44384185638169,1
2022-11-14,4,109,46.53147790304947,0
2022-11-15,4,79,34.50293873379277,1
2022-11-16,4,84,44.947943738653805,0
2022-11-17,4,262,38.95892221864375,0
2022-11-18,4,214,14.822336656147609,0
2022-11-19,4,54,46.09813229143367,0
2022-11-20,4,132,12.657753774230995,0
2022-11-21,4,172,31.35869890191055,0
2022-11-22,4,127,15.685484951738307,0
2022-11-23,4,203,10.468264429236163,0
2022-11-24,4,111,26.88137040510556,0
2022-11-25,4,181,21.80162830616625,0
2022-11-26,4,138,29.44001975190412,0
2022-11-27,4,286,33.08799546938204,1
2022-11-28,4,91,11.749562892357893,1
2022-11-29,4,138,14.920131804949825,1
2022-11-30,4,195,32.34569585801701,0
2022-12-01,4,89,23.72669412690633,1
2022-12-02,4,121,39.16693950197792,0
2022-12-03,4,88,36.09166594367758,0
2022-12-04,4,153,43.82417451959627,0
2022-12-05,4,63,37.69971306676901,0
2022-12-06,4,81,27.197243095605927,0
2022-12-07,4,228,36.9186648957773,0
2022-12-08,4,174,21.01524697021674,1
2022-12-09,4,215,22.252539951128508,0
2022-12-10,4,146,41.55940639683173,0
2022-12-11,4,72,27.856780656063286,1
2022-12-12,4,112,41.9352136207341,0
2022-12-13,4,192,42.89689494673114,0
2022-12-14,4,274,44.30249350645135,0
2022-12-15,4,202,46.66540943364829,0
2022-12-16,4,194,27.23940882053185,0
2022-12-17,4,274,22.754672732845552,0
2022-12-18,4,288,33.28794986376455,0
2022-12-19,4,296,24.846896937505104,0
2022-12-20,4,243,34.042966672009314,0
2022-12-21,4,255,38.223434505752984,0
2022-12-22,4,102,37.536200739685476,0
2022-12-23,4,153,24.982115480804854,1
2022-12-24,4,153,16.67440806795011,0
2022-12-25,4,228,27.2211735384883,0
2022-12-26,4,88,15.70376576327635,0
2022-12-27,4,228,45.60388140735233,0
2022-12-28,4,247,23.835098429514296,0
2022-12-29,4,183,16.17838988893295,0
2022-12-30,4,116,11.017910396230036,1
2022-12-31,4,184,35.83289545145937,1
2022-01-01,5,228,35.47609269818973,0
2022-01-02,5,249,23.624166663251668,1
2022-01-03,5,91,12.868475553906041,0
2022-01-04,5,241,26.385155795809283,0
2022-01-05,5,293,22.448699802535742,0
2022-01-06,5,64,37.084825589400374,0
2022-01-07,5,160,34.231169978107616,1
2022-01-08,5,206,24.583749127901598,0
2022-01-09,5,82,18.715702170199606,0
2022-01-10,5,293,49.52143864622367,1
2022-01-11,5,271,28.160064847844595,0
2022-01-12,5,280,37.530969431209485,0
2022-01-13,5,204,15.622118703134431,0
2022-01-14,5,213,29.423587986375914,1
2022-01-15,5,206,11.101468794778619,1
2022-01-16,5,87,30.218204716417997,0
2022-01-17,5,234,48.560696284708094,0
2022-01-18,5,146,25.368268519432007,0
2022-01-19,5,278,11.559840502996463,1
2022-01-20,5,204,11.23823163677374,0
2022-01-21,5,232,25.51947039787478,0
2022-01-22,5,82,16.400997458527762,1
2022-01-23,5,245,10.934083853127436,0
2022-01-24,5,135,40.24854455800707,0
2022-01-25,5,115,28.340920355275628,0
2022-01-26,5,59,21.569790878906183,1
2022-01-27,5,54,46.00332732065923,0
2022-01-28,5,172,14.645558408021024,0
2022-01-29,5,123,48.23675315821277,0
2022-01-30,5,146,22.558668695094113,0
2022-01-31,5,167,45.53614689234725,0
2022-02-01,5,87,34.117715059178465,0
2022-02-02,5,190,43.0682943896595,1
2022-02-03,5,208,49.360526528418575,0
2022-02-04,5,96,21.53621751274983,0
2022-02-05,5,277,48.44541941630372,0
2022-02-06,5,158,25.579275796096816,0
2022-02-07,5,265,25.420476189476894,1
2022-02-08,5,229,23.615484170180228,0
2022-02-09,5,233,31.656304293903407,0
2022-02-10,5,64,16.165801727139485,0
2022-02-11,5,206,32.14845941432045,0
2022-02-12,5,185,31.66819249640016,0
2022-02-13,5,54,40.4760725041948,0
2022-02-14,5,206,43.34599847750342,1
2022-02-15,5,96,27.617654012496963,1
2022-02-16,5,117,22.09332997405975,0
2022-02-17,5,125,20.373395892683778,1
2022-02-18,5,222,17.784953468194878,0
2022-02-19,5,179,12.305903287960994,0
2022-02-20,5,204,23.697919153388533,0
2022-02-21,5,144,20.80990768523133,0
2022-02-22,5,164,48.65669543465629,0
2022-02-23,5,292,32.308353050001756,0
2022-02-24,5,213,23.891081561220304,0
2022-02-25,5,85,33.21870403974784,0
2022-02-26,5,75,15.56786805382782,0
2022-02-27,5,92,27.761749968088118,1
2022-02-28,5,76,35.04937285684255,0
2022-03-01,5,118,29.555913271698056,0
2022-03-02,5,197,26.07115202617297,0
2022-03-03,5,60,49.75393555598793,0
2022-03-04,5,123,45.21259048595708,1
2022-03-05,5,153,34.936238326377605,0
2022-03-06,5,87,32.77509444729131,0
2022-03-07,5,183,34.826419192983366,1
2022-03-08,5,249,18.05248431289733,0
2022-03-09,5,72,25.805509730572744,0
2022-03-10,5,96,11.578381315635973,0
2022-03-11,5,139,29.021841499473066,1
2022-03-12,5,95,31.720983358306526,0
2022-03-13,5,156,19.109989444128384,0
2022-03-14,5,189,48.56115388662055,0
2022-03-15,5,267,46.37818443748968,0
2022-03-16,5,190,38.88572941823624,0
2022-03-17,5,153,31.335465150614503,0
2022-03-18,5,239,44.7987663859074,0
2022-03-19,5,259,15.226093752938517,1
2022-03-20,5,266,41.6203917709954,1
2022-03-21,5,274,14.992832558673932,0
2022-03-22,5,160,41.768426501976215,1
2022-03-23,5,153,21.03070273005428,0
2022-03-24,5,109,45.083623240727555,0
2022-03-25,5,220,47.761683753015916,0
2022-03-26,5,253,15.951838776204625,1
2022-03-27,5,285,28.50702420261574,1
2022-03-28,5,149,49.23949512650741,0
2022-03-29,5,289,29.336297438925865,1
2022-03-30,5,117,44.54190090058181,0
2022-03-31,5,182,33.54926088525279,1
2022-04-01,5,169,25.013196316784075,1
2022-04-02,5,86,21.431342221034807,0
2022-04-03,5,121,18.128923643443493,1
2022-04-04,5,176,40.47192765510789,0
2022-04-05,5,155,25.461620272921117,0
2022-04-06,5,290,30.451018488030044,0
2022-04-07,5,141,29.693019200047278,0
2022-04-08,5,80,33.09116116932525,1
2022-04-09,5,171,44.62308582498209,0
2022-04-10,5,186,49.22957374333718,0
2022-04-11,5,295,26.303368342952677,1
2022-04-12,5,100,43.10075688425212,1
2022-04-13,5,78,40.58111178618871,0
2022-04-14,5,255,32.94115805822293,1
2022-04-15,5,89,48.24188574447732,0
2022-04-16,5,90,18.018980621136112,1
2022-04-17,5,263,14.370568412384856,0
2022-04-18,5,60,44.15847867821689,0
2022-04-19,5,200,27.56599266534993,0
2022-04-20,5,50,43.87875416828242,0
2022-04-21,5,95,45.723608207816596,0
2022-04-22,5,150,12.498303744762858,0
2022-04-23,5,198,45.33859051944243,0
2022-04-24,5,139,27.932762214776886,1
2022-04-25,5,159,30.41729956016929,0
2022-04-26,5,213,35.06370044372841,0
2022-04-27,5,231,47.05530426920347,0
2022-04-28,5,264,10.76464377719056,0
2022-04-29,5,106,29.073738732712684,1
2022-04-30,5,50,37.50888169722243,1
2022-05-01,5,112,38.90827830792914,0
2022-05-02,5,231,37.70129726148432,0
2022-05-03,5,104,15.377405176324874,1
2022-05-04,5,164,21.97582353486725,0
2022-05-05,5,217,24.34862101668054,1
2022-05-06,5,192,42.1774883071802,0
2022-05-07,5,198,21.15039489658212,1
2022-05-08,5,224,18.428198554688127,0
2022-05-09,5,250,48.29792076152385,0
2022-05-10,5,102,10.354531404538756,1
2022-05-11,5,186,49.91283422727913,0
2022-05-12,5,251,37.07285195429583,0
2022-05-13,5,229,43.13877197796468,0
2022-05-14,5,106,21.784775853847727,0
2022-05-15,5,166,10.572611106682398,0
2022-05-16,5,203,39.5147807424612,0
2022-05-17,5,218,43.36578388002703,0
2022-05-18,5,84,39.61904527814077,0
2022-05-19,5,112,15.714011492033544,1
2022-05-20,5,293,40.13711689027876,0
2022-05-21,5,74,40.75691128430564,0
2022-05-22,5,139,36.3416206268022,0
2022-05-23,5,124,40.644637311823445,0
2022-05-24,5,87,43.836857587109286,0
2022-05-25,5,179,34.544164569498335,0
2022-05-26,5,184,13.544188558787162,0
2022-05-27,5,259,29.505112386688435,0
2022-05-28,5,268,13.105973386864203,0
2022-05-29,5,211,26.301721241297233,0
2022-05-30,5,140,26.284259565025106,0
2022-05-31,5,66,12.640393765609662,0
2022-06-01,5,177,23.952821358779172,0
2022-06-02,5,220,14.439923951652593,0
2022-06-03,5,236,42.329408400368884,1
2022-06-04,5,157,47.90752103857883,0
2022-06-05,5,228,12.892659010317544,0
2022-06-06,5,231,48.20460829166806,0
2022-06-07,5,201,30.903063973469806,0
2022-06-08,5,74,21.982627118154955,0
2022-06-09,5,248,13.07448301104654,0
2022-06-10,5,229,30.02497072281671,1
2022-06-11,5,247,41.780621779629946,0
2022-06-12,5,294,38.283459090667925,1
2022-06-13,5,137,12.00904045855895,0
2022-06-14,5,210,12.916073414716141,0
2022-06-15,5,226,26.114931305305483,0
2022-06-16,5,78,21.811619761917733,0
2022-06-17,5,112,19.295372922241913,0
2022-06-18,5,284,21.240179956348545,0
2022-06-19,5,199,42.139309731875386,0
2022-06-20,5,203,47.16912214527416,1
2022-06-21,5,205,26.204107781102657,1
2022-06-22,5,163,46.244440085299885,0
2022-06-23,5,262,22.85982804991528,0
2022-06-24,5,98,29.057479453751665,0
2022-06-25,5,248,19.04115991263999,0
2022-06-26,5,130,35.61904168703376,0
2022-06-27,5,133,49.15924460699236,0
2022-06-28,5,154,34.13972384173515,0
2022-06-29,5,226,24.312563364541955,0
2022-06-30,5,197,35.91269783962113,1
2022-07-01,5,167,14.916827138615503,0
2022-07-02,5,135,45.546363210615944,1
2022-07-03,5,269,30.123358031193455,0
2022-07-04,5,112,27.97398968158568,0
2022-07-05,5,238,33.434591538140765,0
2022-07-06,5,153,34.9913545115761,0
2022-07-07,5,98,12.871032249060521,0
2022-07-08,5,120,37.304688848936095,0
2022-07-09,5,50,19.67726721262118,0
2022-07-10,5,273,38.55810530026359,0
2022-07-11,5,190,42.90139177536787,0
2022-07-12,5,271,42.15834030210081,0
2022-07-13,5,264,32.100038696315565,0
2022-07-14,5,228,30.806795692430047,0
2022-07-15,5,172,15.715038453576469,0
2022-07-16,5,233,41.01384601612543,0
2022-07-17,5,260,20.856375217868575,1
2022-07-18,5,111,29.867816912717863,0
2022-07-19,5,81,21.37096371710067,1
2022-07-20,5,207,15.353134519987726,0
2022-07-21,5,78,35.182307875669466,0
2022-07-22,5,98,12.173281392916152,0
2022-07-23,5,222,39.945809365048,0
2022-07-24,5,270,22.703471810444668,0
2022-07-25,5,79,10.005387720179414,1
2022-07-26,5,193,30.44516556948919,0
2022-07-27,5,217,11.874076341104125,0
2022-07-28,5,68,21.04678231283598,0
2022-07-29,5,67,38.27905949822865,1
2022-07-30,5,50,12.507584864874634,0
2022-07-31,5,127,43.5735396942401,0
2022-08-01,5,164,10.152796906343324,0
2022-08-02,5,224,19.87295476807609,1
2022-08-03,5,291,39.63616224608286,1
2022-08-04,5,243,22.65080598917227,0
2022-08-05,5,295,14.07569552264054,1
2022-08-06,5,269,24.409356752017114,1
2022-08-07,5,162,20.81573145538102,0
2022-08-08,5,163,43.708476086422195,0
2022-08-09,5,271,22.533916703405726,0
2022-08-10,5,215,41.55729887104029,1
2022-08-11,5,228,45.67488579242939,0
2022-08-12,5,112,27.35269678306118,1
2022-08-13,5,181,46.39772575417568,0
2022-08-14,5,178,25.092722158527714,1
2022-08-15,5,57,48.563136659604325,0
2022-08-16,5,206,13.571580981022917,0
2022-08-17,5,104,37.48077066012971,1
2022-08-18,5,152,29.75256161827715,1
2022-08-19,5,180,25.505952218225882,1
2022-08-20,5,81,35.30847514994404,0
2022-08-21,5,59,38.15428366537325,0
2022-08-22,5,251,10.174530786012363,0
2022-08-23,5,260,16.67812354988795,0
2022-08-24,5,159,38.52184202537275,0
2022-08-25,5,211,36.655416543128254,0
2022-08-26,5,173,48.64190020514709,0
2022-08-27,5,274,40.44151161003132,1
2022-08-28,5,136,48.03090830925352,0
2022-08-29,5,104,38.10162006139228,0
2022-08-30,5,269,21.922088345577727,0
2022-08-31,5,81,14.214596890034258,0
2022-09-01,5,227,41.272954533797424,0
2022-09-02,5,184,35.76596885903663,1
2022-09-03,5,142,11.92744049573185,1
2022-09-04,5,57,24.402018636039134,1
2022-09-05,5,114,48.271992619371446,1
2022-09-06,5,106,30.01604582840805,0
2022-09-07,5,296,27.309165440788185,0
2022-09-08,5,116,28.30798420637176,0
2022-09-09,5,265,18.35530896020655,0
2022-09-10,5,264,24.74828683459181,0
2022-09-11,5,236,24.792530239487064,0
2022-09-12,5,121,12.094200807498897,0
2022-09-13,5,103,40.70270514071673,0
2022-09-14,5,298,26.66017727615516,0
2022-09-15,5,288,42.887195472656934,0
2022-09-16,5,278,44.01392004479582,0
2022-09-17,5,116,18.47976218794632,0
2022-09-18,5,100,36.29413928680514,0
2022-09-19,5,146,28.89127216651927,1
2022-09-20,5,141,45.2062695168594,0
2022-09-21,5,288,18.629627167058164,0
2022-09-22,5,57,37.11252801240177,1
2022-09-23,5,211,34.310084890108904,0
2022-09-24,5,84,21.812059102873313,0
2022-09-25,5,145,15.464036146046904,0
2022-09-26,5,137,36.065590419091066,0
2022-09-27,5,127,39.54389832529323,1
2022-09-28,5,81,22.625093750534,1
2022-09-29,5,169,35.79330416089255,0
2022-09-30,5,95,25.80523630446013,0
2022-10-01,5,284,38.52827533130471,0
2022-10-02,5,193,17.968610995762123,0
2022-10-03,5,245,45.608600105446975,0
2022-10-04,5,293,21.49638385862319,0
2022-10-05,5,214,24.711439510246116,0
2022-10-06,5,231,12.323678083213991,0
2022-10-07,5,262,14.460488492851056,0
2022-10-08,5,191,30.634476108493125,0
2022-10-09,5,272,20.70370706911886,0
2022-10-10,5,104,43.41920902968778,1
2022-10-11,5,225,10.587735546198154,0
2022-10-12,5,259,25.163761946877447,0
2022-10-13,5,56,23.493821870763707,1
2022-10-14,5,123,10.77310523670404,0
2022-10-15,5,56,14.974735960020409,0
2022-10-16,5,210,26.54570699674541,0
2022-10-17,5,200,29.714583377897867,0
2022-10-18,5,134,26.171589890194763,0
2022-10-19,5,196,31.237507136483753,0
2022-10-20,5,161,33.80526699622726,0
2022-10-21,5,174,10.396952845113425,1
2022-10-22,5,196,28.563806378140157,0
2022-10-23,5,85,48.53996963550353,0
2022-10-24,5,78,30.761291205181948,1
2022-10-25,5,237,37.10169069835813,0
2022-10-26,5,131,22.474554316675327,1
2022-10-27,5,51,40.959655126110505,0
2022-10-28,5,178,40.9168592750446,1
2022-10-29,5,96,30.851841906165557,0
2022-10-30,5,246,49.04055293116854,1
2022-10-31,5,197,15.022008590506136,1
2022-11-01,5,60,10.67790659558324,0
2022-11-02,5,283,40.80632847028384,0
2022-11-03,5,179,42.2862214945953,0
2022-11-04,5,244,14.80828916482305,0
2022-11-05,5,264,20.623313318344245,0
2022-11-06,5,168,10.702094534665157,0
2022-11-07,5,189,21.732344431222586,0
2022-11-08,5,69,40.92567495674686,0
2022-11-09,5,54,30.718421108503158,0
2022-11-10,5,86,23.923823726731523,0
2022-11-11,5,215,24.86957179625321,0
2022-11-12,5,271,10.054145028618727,0
2022-11-13,5,186,21.992021102609435,0
2022-11-14,5,275,35.858349665517224,0
2022-11-15,5,102,48.967777752654285,0
2022-11-16,5,221,43.88243307935598,0
2022-11-17,5,148,10.943798585821165,0
2022-11-18,5,293,45.94242418699358,1
2022-11-19,5,299,41.32793653194504,0
2022-11-20,5,135,41.215044942839214,0
2022-11-21,5,157,28.31983036014286,0
2022-11-22,5,73,25.920211718180113,1
2022-11-23,5,130,22.116629153327704,1
2022-11-24,5,251,12.627794358174631,0
2022-11-25,5,207,19.129414539747962,0
2022-11-26,5,169,19.864145399120986,1
2022-11-27,5,108,29.363082788408065,0
2022-11-28,5,287,39.897776263867755,0
2022-11-29,5,264,28.952393135917866,0
2022-11-30,5,177,12.313777977886424,0
2022-12-01,5,273,48.31159203952816,1
2022-12-02,5,258,47.70897276376449,1
2022-12-03,5,163,41.40758172593634,1
2022-12-04,5,164,49.65311606256882,0
2022-12-05,5,258,31.779293312010516,1
2022-12-06,5,63,48.510734010128246,0
2022-12-07,5,58,13.024201624670031,0
2022-12-08,5,89,24.627229930454853,1
2022-12-09,5,243,19.015250720270632,0
2022-12-10,5,286,17.833323365370802,0
2022-12-11,5,74,15.632117955707043,0
2022-12-12,5,152,34.896545662639866,1
2022-12-13,5,250,41.2528742298922,0
2022-12-14,5,295,33.131935976814425,0
2022-12-15,5,71,15.878508383528388,0
2022-12-16,5,284,42.444950797338834,1
2022-12-17,5,287,35.438188286549135,1
2022-12-18,5,53,25.52662824507982,0
2022-12-19,5,203,36.96521182144252,0
2022-12-20,5,235,20.396199169713313,0
2022-12-21,5,78,23.80768833976842,1
2022-12-22,5,158,46.69943372527961,0
2022-12-23,5,147,21.620180226856817,1
2022-12-24,5,264,28.799530726317464,0
2022-12-25,5,86,45.605645495840584,1
2022-12-26,5,124,38.3088540107011,1
2022-12-27,5,119,12.48812904658811,0
2022-12-28,5,195,15.892121771158813,1
2022-12-29,5,177,10.313663630876672,0
2022-12-30,5,134,35.236871609166535,0
2022-12-31,5,91,27.906937016416734,0
